id,category,type,scratch_text
1,Astrology Insight,Daily Practice,🌞 Offering water to the Sun in the morning is believed to improve positivity and mental clarity.
2,Astrology Insight,Home Energy,🌿 Keeping a Tulsi plant near the entrance is traditionally associated with positive energy and freshness.
3,Astrology Insight,Mindfulness,🕯️ Lighting a diya in the evening is believed to create a peaceful and calming atmosphere at home.
4,Astrology Insight,Wellness,🚶 Walking barefoot on grass in the morning is traditionally linked with relaxation and better focus.
5,Astrology Insight,Positivity,🙏 Starting the day with gratitude or prayer may help improve mental peace and confidence.
6,Astrology Insight,Home Energy,🧹 Keeping living spaces clean and clutter-free is considered important for positive energy flow.
7,Astrology Insight,Focus,📿 Spending a few quiet minutes in meditation may help reduce stress and improve concentration.
8,Astrology Insight,Routine,"🌅 Waking up early is traditionally connected with better discipline, productivity, and calmness."
9,Astrology Insight,Relationships,"😊 Speaking calmly and respectfully is believed to improve harmony, positive energy around you."
10,Astrology Insight,Spiritual Habit,🌸 Keeping fresh flowers at home is traditionally associated with peace and positivity.
11,Astrology Insight,Daily Habit,🪔 Some people believe lighting incense sticks in the morning creates a refreshing environment.
12,Astrology Insight,Wellness,💧 Drinking water after waking up is considered a healthy morning practice in many traditions.
13,Astrology Insight,Positivity,🌈 Helping others and speaking kindly are often associated with positive karma and peaceful energy.
14,Astrology Insight,Focus,📚 A calm study or workspace is believed to improve concentration and learning efficiency.
15,Astrology Insight,Nature,🌱 Spending time near plants or nature may help refresh the mind and reduce stress.
16,Astrology Insight,Daily Practice,"☀️ Morning sunlight exposure is traditionally linked with freshness, positivity, and active energy."
17,Astrology Insight,Home Energy,🏡 Proper ventilation and sunlight in homes are believed to improve positivity and comfort.
18,Astrology Insight,Mindfulness,🧘 Taking deep breaths during stressful moments may help calm the mind and improve focus.
19,Astrology Insight,Positivity,🌟 Smiling and maintaining positive thoughts are believed to attract better energy around you.
20,Astrology Insight,Wellness,🍎 Eating fresh and balanced meals is often connected with physical and mental wellness.
21,Astrology Insight,Daily Routine,🕰️ Maintaining a regular sleep routine is traditionally associated with better energy and focus.
22,Astrology Insight,Spiritual Habit,📿 Chanting calming mantras may help people feel mentally relaxed and emotionally balanced.
23,Astrology Insight,Home Energy,🌼 Keeping indoor plants may help create a fresher and more peaceful environment at home.
24,Astrology Insight,Focus,✨ Organizing your workspace may improve productivity and reduce mental distractions.
25,Astrology Insight,Positivity,🤝 Respecting elders and helping family members are often associated with positive karma.
26,Astrology Insight,Wellness,🚶 Evening walks are believed to help relax the mind after a busy or stressful day.
27,Astrology Insight,Daily Practice,🌄 Beginning the day calmly instead of rushing may improve mental balance and focus.
28,Astrology Insight,Spiritual Habit,🪷 Sitting quietly for a few minutes daily may help improve self-awareness and peace of mind.
29,Astrology Insight,Nature,🌳 Spending time near trees or natural spaces is traditionally linked with calmness and clarity.
30,Astrology Insight,Positivity,😊 Positive words and kind behavior are believed to improve the energy around relationships.
31,Astrology Insight,Home Energy,🧽 Keeping kitchens and entrances clean is traditionally associated with welcoming positive energy.
32,Astrology Insight,Wellness,🥛 Drinking enough water throughout the day may help maintain energy and concentration levels.
33,Astrology Insight,Daily Habit,📖 Reading spiritual or motivational content daily may help improve mindset and discipline.
34,Astrology Insight,Focus,🎯 Completing one important task at a time may improve efficiency and reduce stress.
35,Astrology Insight,Positivity,🌈 Gratitude and patience are often believed to create emotional balance and peaceful thinking.
36,Astrology Insight,Spiritual Habit,🔔 Some traditions believe temple bells and calming sounds help create peaceful surroundings.
37,Astrology Insight,Wellness,🌿 Herbal plants and natural fragrances are commonly linked with freshness and relaxation.
38,Astrology Insight,Home Energy,🪴 Decorating spaces with greenery is believed to improve positivity and reduce dullness.
39,Astrology Insight,Daily Practice,☕ Taking calm breaks during work or studies may improve mental clarity and productivity.
40,Astrology Insight,Positivity,🙌 Supporting friends and family during difficult times is often associated with good karma.
41,Astrology Insight,Focus,🧠 Reducing unnecessary screen time before sleep may help improve relaxation and sleep quality.
42,Astrology Insight,Routine,🌙 Sleeping on time is traditionally connected with better emotional and physical balance.
43,Astrology Insight,Nature,🌧️ Many people find peace and calmness by spending time close to nature during stressful periods.
44,Astrology Insight,Wellness,"🚴 Light physical activity daily may help improve mood, energy, and mental freshness."
45,Astrology Insight,Positivity,🌟 Appreciating small achievements may help build confidence and motivation gradually.
46,Astrology Insight,Spiritual Habit,🕉️ Listening to calming devotional music may help some people feel mentally relaxed and peaceful.
47,Astrology Insight,Home Energy,🪟 Keeping rooms bright and airy is often linked with freshness and positive surroundings.
48,Astrology Insight,Relationships,💬 Honest and respectful communication is believed to strengthen trust and harmony.
49,Astrology Insight,Daily Habit,🌅 Starting mornings without stress or negativity may help improve focus throughout the day.
50,Astrology Insight,Motivation,🔥 Small disciplined habits repeated daily may create meaningful long-term positive changes.